{
  "nodes": [
    "A",
    "B",
    "C",
    "D",
    "E",
    "F"
  ],
  "edges": [
    {
      "u": "A",
      "v": "B",
      "distance": 1.0,
      "safety": 0.9
    },
    {
      "u": "B",
      "v": "C",
      "distance": 1.2,
      "safety": 0.6
    },
    {
      "u": "A",
      "v": "D",
      "distance": 2.0,
      "safety": 0.8
    },
    {
      "u": "D",
      "v": "E",
      "distance": 1.0,
      "safety": 0.95
    },
    {
      "u": "E",
      "v": "C",
      "distance": 1.5,
      "safety": 0.7
    },
    {
      "u": "B",
      "v": "E",
      "distance": 2.0,
      "safety": 0.4
    },
    {
      "u": "C",
      "v": "F",
      "distance": 2.5,
      "safety": 0.9
    }
  ]
}